y,x
-340.0E-06,-505.8417E-03
-330.0E-06,-474.4347E-03
-320.0E-06,-453.5804E-03
-310.0E-06,-441.0176E-03
-300.0E-06,-410.8668E-03
-290.0E-06,-402.0729E-03
-280.0E-06,-377.9523E-03
-270.0E-06,-361.8719E-03
-260.0E-06,-337.7513E-03
-250.0E-06,-321.6709E-03
-240.0E-06,-300.8166E-03
-230.0E-06,-289.5100E-03
-220.0E-06,-272.6759E-03
-210.0E-06,-257.3492E-03
-200.0E-06,-244.5352E-03
-190.0E-06,-225.1884E-03
-180.0E-06,-209.1080E-03
-170.0E-06,-195.7915E-03
-160.0E-06,-176.9472E-03
-150.0E-06,-168.9070E-03
-140.0E-06,-152.8266E-03
-130.0E-06,-144.7864E-03
-120.0E-06,-128.7060E-03
-110.0E-06,-113.8819E-03
-100.0E-06,-103.8317E-03
-90.0E-06,-88.5050E-03
-80.0E-06,-75.6910E-03
-70.0E-06,-65.6407E-03
-60.0E-06,-48.3040E-03
-50.0E-06,-40.2638E-03
-40.0E-06,-27.4498E-03
-30.0E-06,-16.1432E-03
-20.0E-06,-7.3492E-03
-10.0E-06,-62.8E-06
-0.0E+00,+16.0176E-03
+10.0E-06,+17.2739E-03
+20.0E-06,+32.8518E-03
+30.0E-06,+42.9020E-03
+40.0E-06,+52.9523E-03
+50.0E-06,+64.2588E-03
+60.0E-06,+71.5452E-03
+70.0E-06,+80.3392E-03
+80.0E-06,+93.1533E-03
+90.0E-06,+104.4598E-03
+100.0E-06,+104.4598E-03
+110.0E-06,+109.7362E-03
+120.0E-06,+125.3141E-03
+130.0E-06,+121.7965E-03
+140.0E-06,+136.6206E-03
+150.0E-06,+144.6608E-03
+160.0E-06,+149.4347E-03
+170.0E-06,+160.7412E-03
+180.0E-06,+168.7814E-03
+190.0E-06,+171.5452E-03
+200.0E-06,+172.0477E-03
+210.0E-06,+184.8618E-03
+220.0E-06,+192.9020E-03
+230.0E-06,+200.9422E-03
+240.0E-06,+200.9422E-03
+250.0E-06,+208.9824E-03
+260.0E-06,+208.9824E-03
+270.0E-06,+225.0628E-03
+280.0E-06,+228.3291E-03
+290.0E-06,+225.0628E-03
+300.0E-06,+241.1432E-03
+310.0E-06,+241.1432E-03
+320.0E-06,+241.1432E-03
+330.0E-06,+249.1834E-03
+340.0E-06,+257.2236E-03
+350.0E-06,+257.2236E-03
+360.0E-06,+270.0377E-03
+370.0E-06,+272.0477E-03
+380.0E-06,+280.5904E-03
+390.0E-06,+281.3442E-03
+400.0E-06,+281.3442E-03
+410.0E-06,+290.6407E-03
+420.0E-06,+290.1382E-03
+430.0E-06,+294.6608E-03
+440.0E-06,+303.9573E-03
+450.0E-06,+305.4648E-03
+460.0E-06,+313.5050E-03
+470.0E-06,+308.2286E-03
+480.0E-06,+321.5452E-03
+490.0E-06,+322.8015E-03
+500.0E-06,+328.8317E-03
+510.0E-06,+326.8216E-03
+520.0E-06,+332.8518E-03
+530.0E-06,+336.3693E-03
+540.0E-06,+337.6256E-03
+550.0E-06,+334.8618E-03
+560.0E-06,+342.3995E-03
+570.0E-06,+345.6658E-03
+580.0E-06,+353.7060E-03
+590.0E-06,+350.9422E-03
+600.0E-06,+358.4799E-03
+610.0E-06,+360.4899E-03
+620.0E-06,+361.7462E-03
+630.0E-06,+361.7462E-03
+640.0E-06,+365.0126E-03
+650.0E-06,+376.5703E-03
+660.0E-06,+370.5402E-03
+670.0E-06,+372.5502E-03
+680.0E-06,+381.0930E-03
+690.0E-06,+379.0829E-03
+700.0E-06,+385.8668E-03
+710.0E-06,+391.1432E-03
+720.0E-06,+385.8668E-03
+730.0E-06,+385.8668E-03
+740.0E-06,+394.6608E-03
+750.0E-06,+393.9070E-03
+760.0E-06,+390.6407E-03
+770.0E-06,+393.9070E-03
+780.0E-06,+393.9070E-03
+790.0E-06,+401.9472E-03
+800.0E-06,+405.2136E-03
+810.0E-06,+403.2035E-03
+820.0E-06,+409.9874E-03
+830.0E-06,+409.9874E-03
+840.0E-06,+409.9874E-03
+850.0E-06,+403.2035E-03
+860.0E-06,+409.9874E-03
+870.0E-06,+415.2638E-03
+880.0E-06,+418.0276E-03
+890.0E-06,+418.0276E-03
+900.0E-06,+418.7814E-03
+910.0E-06,+418.0276E-03
+920.0E-06,+422.8015E-03
+930.0E-06,+419.2839E-03
+940.0E-06,+432.6005E-03
+950.0E-06,+428.8317E-03
+960.0E-06,+426.0678E-03
+970.0E-06,+434.1080E-03
+980.0E-06,+433.3543E-03
+990.0E-06,+434.1080E-03
+1.0000E-03,+434.1080E-03
+1.0100E-03,+434.1080E-03
+1.0200E-03,+441.3945E-03
+1.0300E-03,+439.3844E-03
+1.0400E-03,+434.1080E-03
+1.0500E-03,+440.8920E-03
+1.0600E-03,+434.8618E-03
+1.0700E-03,+442.1482E-03
+1.0800E-03,+434.1080E-03
+1.0900E-03,+442.1482E-03
+1.1000E-03,+450.1884E-03
+1.1100E-03,+442.1482E-03
+1.1200E-03,+442.1482E-03
+1.1300E-03,+450.1884E-03
+1.1400E-03,+450.1884E-03
+1.1500E-03,+450.1884E-03
+1.1600E-03,+450.1884E-03
+1.1700E-03,+450.1884E-03
+1.1800E-03,+450.9422E-03
+1.1900E-03,+450.1884E-03
+1.2000E-03,+458.2286E-03
+1.2100E-03,+456.9724E-03
+1.2200E-03,+457.4749E-03
+1.2300E-03,+452.9523E-03
+1.2400E-03,+458.2286E-03
+1.2500E-03,+458.2286E-03
+1.2600E-03,+458.2286E-03
+1.2700E-03,+458.2286E-03
+1.2800E-03,+463.0025E-03
+1.2900E-03,+458.2286E-03
+1.3000E-03,+466.2688E-03
+1.3100E-03,+466.2688E-03
+1.3200E-03,+461.4950E-03
+1.3300E-03,+467.5251E-03
+1.3400E-03,+466.2688E-03
+1.3500E-03,+471.5452E-03
+1.3600E-03,+466.2688E-03
+1.3700E-03,+459.4849E-03
+1.3800E-03,+474.3090E-03
+1.3900E-03,+471.5452E-03
+1.4000E-03,+469.5352E-03
+1.4100E-03,+467.5251E-03
+1.4200E-03,+473.5553E-03
+1.4300E-03,+466.2688E-03
+1.4400E-03,+466.2688E-03
+1.4500E-03,+473.0528E-03
+1.4600E-03,+467.0226E-03
+1.4700E-03,+474.3090E-03
+1.4800E-03,+477.5754E-03
+1.4900E-03,+474.3090E-03
+1.5000E-03,+474.3090E-03
+1.5100E-03,+469.0327E-03
+1.5200E-03,+474.3090E-03
+1.5300E-03,+474.3090E-03
+1.5400E-03,+474.3090E-03
+1.5500E-03,+469.0327E-03
+1.5600E-03,+474.3090E-03
+1.5700E-03,+474.3090E-03
+1.5800E-03,+474.3090E-03
+1.5900E-03,+474.3090E-03
+1.6000E-03,+479.0829E-03
+1.6100E-03,+474.3090E-03
+1.6200E-03,+481.5955E-03
+1.6300E-03,+479.5854E-03
+1.6400E-03,+477.5754E-03
+1.6500E-03,+473.0528E-03
+1.6600E-03,+481.5955E-03
+1.6700E-03,+479.5854E-03
+1.6800E-03,+485.6156E-03
+1.6900E-03,+482.3492E-03
+1.7000E-03,+482.3492E-03
+1.7100E-03,+482.3492E-03
+1.7200E-03,+482.3492E-03
+1.7300E-03,+482.3492E-03
+1.7400E-03,+482.3492E-03
+1.7500E-03,+485.1131E-03
+1.7600E-03,+480.8417E-03
+1.7700E-03,+490.3894E-03
+1.7800E-03,+490.3894E-03
+1.7900E-03,+482.3492E-03
+1.8000E-03,+485.6156E-03
+1.8100E-03,+481.0930E-03
+1.8200E-03,+482.3492E-03
+1.8300E-03,+479.5854E-03
+1.8400E-03,+487.1231E-03
+1.8500E-03,+489.1332E-03
+1.8600E-03,+490.3894E-03
+1.8700E-03,+482.3492E-03
+1.8800E-03,+482.3492E-03
+1.8900E-03,+483.6055E-03
+1.9000E-03,+482.3492E-03
+1.9100E-03,+482.3492E-03
+1.9200E-03,+482.3492E-03
+1.9300E-03,+483.6055E-03
+1.9400E-03,+490.3894E-03
+1.9500E-03,+485.1131E-03
+1.9600E-03,+485.6156E-03
+1.9700E-03,+482.3492E-03
+1.9800E-03,+490.3894E-03
+1.9900E-03,+485.1131E-03
+2.0000E-03,+485.6156E-03
+2.0100E-03,+489.1332E-03
+2.0200E-03,+490.3894E-03
+2.0300E-03,+495.6658E-03
+2.0400E-03,+485.6156E-03
+2.0500E-03,+483.6055E-03
+2.0600E-03,+491.1432E-03
+2.0700E-03,+485.1131E-03
+2.0800E-03,+487.1231E-03
+2.0900E-03,+490.3894E-03
+2.1000E-03,+489.6357E-03
+2.1100E-03,+490.3894E-03
+2.1200E-03,+490.3894E-03
+2.1300E-03,+483.6055E-03
+2.1400E-03,+490.3894E-03
+2.1500E-03,+485.1131E-03
+2.1600E-03,+488.8819E-03
+2.1700E-03,+497.1734E-03
+2.1800E-03,+489.6357E-03
+2.1900E-03,+490.3894E-03
+2.2000E-03,+485.6156E-03
+2.2100E-03,+490.3894E-03
+2.2200E-03,+491.1432E-03
+2.2300E-03,+490.3894E-03
+2.2400E-03,+490.3894E-03
+2.2500E-03,+489.1332E-03
+2.2600E-03,+490.3894E-03
+2.2700E-03,+487.6256E-03
+2.2800E-03,+495.1633E-03
+2.2900E-03,+490.3894E-03
+2.3000E-03,+491.1432E-03
+2.3100E-03,+495.6658E-03
+2.3200E-03,+493.6558E-03
+2.3300E-03,+489.1332E-03
+2.3400E-03,+483.1030E-03
+2.3500E-03,+490.3894E-03
+2.3600E-03,+493.6558E-03
+2.3700E-03,+497.1734E-03
+2.3800E-03,+490.3894E-03
+2.3900E-03,+493.1533E-03
+2.4000E-03,+498.4296E-03
+2.4100E-03,+490.3894E-03
+2.4200E-03,+491.1432E-03
+2.4300E-03,+490.3894E-03
+2.4400E-03,+485.6156E-03
+2.4500E-03,+491.6457E-03
+2.4600E-03,+490.3894E-03
+2.4700E-03,+490.3894E-03
+2.4800E-03,+495.1633E-03
+2.4900E-03,+490.3894E-03
+2.5000E-03,+490.3894E-03
+2.5100E-03,+493.1533E-03
+2.5200E-03,+495.1633E-03
+2.5300E-03,+497.1734E-03
+2.5400E-03,+490.3894E-03
+2.5500E-03,+490.3894E-03
+2.5600E-03,+495.1633E-03
+2.5700E-03,+498.4296E-03
+2.5800E-03,+490.3894E-03
+2.5900E-03,+490.3894E-03
+2.6000E-03,+490.3894E-03
+2.6100E-03,+497.1734E-03
+2.6200E-03,+490.3894E-03
+2.6300E-03,+490.3894E-03
+2.6400E-03,+490.3894E-03
+2.6500E-03,+498.4296E-03
+2.6600E-03,+498.4296E-03
+2.6700E-03,+490.3894E-03
+2.6800E-03,+491.8970E-03
+2.6900E-03,+491.6457E-03
+2.7000E-03,+498.4296E-03
+2.7100E-03,+495.6658E-03
+2.7200E-03,+498.4296E-03
+2.7300E-03,+491.6457E-03
+2.7400E-03,+497.6759E-03
+2.7500E-03,+493.1533E-03
+2.7600E-03,+493.6558E-03
+2.7700E-03,+490.3894E-03
+2.7800E-03,+497.6759E-03
+2.7900E-03,+487.8769E-03
+2.8000E-03,+493.6558E-03
+2.8100E-03,+490.3894E-03
+2.8200E-03,+491.1432E-03
+2.8300E-03,+498.4296E-03
+2.8400E-03,+490.3894E-03
+2.8500E-03,+498.4296E-03
+2.8600E-03,+490.3894E-03
+2.8700E-03,+490.3894E-03
+2.8800E-03,+495.1633E-03
+2.8900E-03,+497.1734E-03
+2.9000E-03,+490.3894E-03
+2.9100E-03,+493.1533E-03
+2.9200E-03,+493.6558E-03
+2.9300E-03,+497.1734E-03
+2.9400E-03,+499.1834E-03
+2.9500E-03,+498.4296E-03
+2.9600E-03,+493.6558E-03
+2.9700E-03,+498.4296E-03
+2.9800E-03,+498.4296E-03
+2.9900E-03,+498.4296E-03
+3.0000E-03,+490.3894E-03
+3.0100E-03,+498.4296E-03
+3.0200E-03,+491.1432E-03
+3.0300E-03,+495.6658E-03
+3.0400E-03,+490.3894E-03
+3.0500E-03,+498.4296E-03
+3.0600E-03,+490.3894E-03
+3.0700E-03,+495.6658E-03
+3.0800E-03,+501.6960E-03
+3.0900E-03,+497.1734E-03
+3.1000E-03,+483.8568E-03
+3.1100E-03,+493.1533E-03
+3.1200E-03,+498.4296E-03
+3.1300E-03,+498.4296E-03
+3.1400E-03,+497.6759E-03
+3.1500E-03,+498.4296E-03
+3.1600E-03,+493.6558E-03
+3.1700E-03,+498.4296E-03
+3.1800E-03,+491.1432E-03
+3.1900E-03,+487.8769E-03
+3.2000E-03,+498.4296E-03
+3.2100E-03,+491.6457E-03
+3.2200E-03,+497.6759E-03
+3.2300E-03,+495.6658E-03
+3.2400E-03,+495.1633E-03
+3.2500E-03,+498.4296E-03
+3.2600E-03,+491.1432E-03
+3.2700E-03,+493.1533E-03
+3.2800E-03,+498.4296E-03
+3.2900E-03,+498.4296E-03
+3.3000E-03,+497.6759E-03
+3.3100E-03,+493.1533E-03
+3.3200E-03,+498.4296E-03
+3.3300E-03,+491.6457E-03
+3.3400E-03,+498.4296E-03
+3.3500E-03,+498.4296E-03
+3.3600E-03,+493.6558E-03
+3.3700E-03,+490.3894E-03
+3.3800E-03,+498.4296E-03
+3.3900E-03,+498.4296E-03
+3.4000E-03,+498.4296E-03
+3.4100E-03,+498.4296E-03
+3.4200E-03,+497.6759E-03
+3.4300E-03,+493.1533E-03
+3.4400E-03,+495.1633E-03
+3.4500E-03,+498.4296E-03
+3.4600E-03,+491.1432E-03
+3.4700E-03,+490.3894E-03
+3.4800E-03,+498.4296E-03
+3.4900E-03,+490.3894E-03
+3.5000E-03,+498.4296E-03
+3.5100E-03,+498.4296E-03
+3.5200E-03,+493.6558E-03
+3.5300E-03,+497.1734E-03
+3.5400E-03,+498.4296E-03
+3.5500E-03,+498.4296E-03
+3.5600E-03,+498.4296E-03
+3.5700E-03,+497.1734E-03
+3.5800E-03,+497.6759E-03
+3.5900E-03,+498.4296E-03
+3.6000E-03,+498.4296E-03
+3.6100E-03,+505.2136E-03
+3.6200E-03,+489.6357E-03
+3.6300E-03,+493.1533E-03
+3.6400E-03,+498.4296E-03
+3.6500E-03,+491.6457E-03
+3.6600E-03,+498.4296E-03
+3.6700E-03,+493.1533E-03
+3.6800E-03,+498.4296E-03
+3.6900E-03,+497.1734E-03
+3.7000E-03,+491.1432E-03
+3.7100E-03,+490.3894E-03
+3.7200E-03,+490.3894E-03
+3.7300E-03,+497.1734E-03
+3.7400E-03,+498.4296E-03
+3.7500E-03,+493.1533E-03
+3.7600E-03,+493.6558E-03
+3.7700E-03,+491.6457E-03
+3.7800E-03,+491.1432E-03
+3.7900E-03,+493.1533E-03
+3.8000E-03,+493.6558E-03
+3.8100E-03,+498.4296E-03
+3.8200E-03,+491.1432E-03
+3.8300E-03,+498.4296E-03
+3.8400E-03,+498.4296E-03
+3.8500E-03,+490.3894E-03
+3.8600E-03,+497.6759E-03
+3.8700E-03,+490.3894E-03
+3.8800E-03,+495.1633E-03
+3.8900E-03,+491.6457E-03
+3.9000E-03,+490.3894E-03
+3.9100E-03,+493.1533E-03
+3.9200E-03,+493.6558E-03
+3.9300E-03,+498.4296E-03
+3.9400E-03,+498.4296E-03
+3.9500E-03,+498.4296E-03
+3.9600E-03,+490.3894E-03
+3.9700E-03,+497.1734E-03
+3.9800E-03,+491.1432E-03
+3.9900E-03,+498.4296E-03
+4.0000E-03,+490.3894E-03
+4.0100E-03,+490.3894E-03
+4.0200E-03,+491.1432E-03
+4.0300E-03,+498.4296E-03
+4.0400E-03,+495.1633E-03
+4.0500E-03,+497.1734E-03
+4.0600E-03,+490.3894E-03
+4.0700E-03,+498.4296E-03
+4.0800E-03,+503.2035E-03
+4.0900E-03,+497.1734E-03
+4.1000E-03,+491.1432E-03
+4.1100E-03,+498.4296E-03
+4.1200E-03,+501.6960E-03
+4.1300E-03,+491.6457E-03
+4.1400E-03,+490.3894E-03
+4.1500E-03,+498.4296E-03
+4.1600E-03,+493.6558E-03
+4.1700E-03,+498.4296E-03
+4.1800E-03,+491.1432E-03
+4.1900E-03,+498.4296E-03
+4.2000E-03,+490.3894E-03
+4.2100E-03,+498.4296E-03
+4.2200E-03,+498.4296E-03
+4.2300E-03,+493.1533E-03
+4.2400E-03,+495.1633E-03
+4.2500E-03,+497.1734E-03
+4.2600E-03,+491.1432E-03
+4.2700E-03,+498.4296E-03
+4.2800E-03,+490.3894E-03
+4.2900E-03,+491.6457E-03
+4.3000E-03,+497.6759E-03
+4.3100E-03,+495.6658E-03
+4.3200E-03,+493.6558E-03
+4.3300E-03,+498.4296E-03
+4.3400E-03,+491.1432E-03
+4.3500E-03,+490.3894E-03
+4.3600E-03,+498.4296E-03
+4.3700E-03,+490.3894E-03
+4.3800E-03,+491.1432E-03
+4.3900E-03,+498.4296E-03
+4.4000E-03,+498.4296E-03
+4.4100E-03,+498.4296E-03
+4.4200E-03,+498.4296E-03
+4.4300E-03,+495.9171E-03
+4.4400E-03,+493.6558E-03
+4.4500E-03,+497.1734E-03
+4.4600E-03,+490.3894E-03
+4.4700E-03,+498.4296E-03
+4.4800E-03,+498.4296E-03
+4.4900E-03,+491.6457E-03
+4.5000E-03,+491.1432E-03
+4.5100E-03,+498.4296E-03
+4.5200E-03,+498.4296E-03
+4.5300E-03,+498.4296E-03
+4.5400E-03,+498.4296E-03
+4.5500E-03,+495.6658E-03
+4.5600E-03,+490.3894E-03
+4.5700E-03,+497.1734E-03
+4.5800E-03,+505.7161E-03
+4.5900E-03,+490.3894E-03
+4.6000E-03,+498.4296E-03
+4.6100E-03,+498.4296E-03
+4.6200E-03,+498.4296E-03
+4.6300E-03,+490.3894E-03
+4.6400E-03,+498.4296E-03
+4.6500E-03,+498.4296E-03
+4.6600E-03,+490.3894E-03
+4.6700E-03,+501.1935E-03
+4.6800E-03,+477.5754E-03
+4.6900E-03,+458.2286E-03
+4.7000E-03,+434.1080E-03
+4.7100E-03,+412.7513E-03
+4.7200E-03,+398.6809E-03
+4.7300E-03,+371.0427E-03
+4.7400E-03,+360.9925E-03
+4.7500E-03,+342.9020E-03
+4.7600E-03,+326.3191E-03
+4.7700E-03,+305.4648E-03
+4.7800E-03,+288.6306E-03
+4.7900E-03,+268.0276E-03
+4.8000E-03,+257.2236E-03
+4.8100E-03,+239.8869E-03
+4.8200E-03,+217.0226E-03
+4.8300E-03,+208.9824E-03
+4.8400E-03,+192.9020E-03
+4.8500E-03,+184.8618E-03
+4.8600E-03,+160.7412E-03
+4.8700E-03,+152.7010E-03
+4.8800E-03,+136.6206E-03
+4.8900E-03,+127.3241E-03
+4.9000E-03,+112.5000E-03
+4.9100E-03,+91.1432E-03
+4.9200E-03,+91.6457E-03
+4.9300E-03,+72.2990E-03
+4.9400E-03,+56.2186E-03
+4.9500E-03,+48.1784E-03
+4.9600E-03,+36.8719E-03
+4.9700E-03,+24.0578E-03
+4.9800E-03,+16.0176E-03
+4.9900E-03,+2.7010E-03
+5.0000E-03,-8.1030E-03
+5.0100E-03,-22.9271E-03
+5.0200E-03,-24.1834E-03
+5.0300E-03,-29.4598E-03
+5.0400E-03,-48.3040E-03
+5.0500E-03,-55.0879E-03
+5.0600E-03,-57.0980E-03
+5.0700E-03,-72.4246E-03
+5.0800E-03,-83.7312E-03
+5.0900E-03,-96.5452E-03
+5.1000E-03,-96.5452E-03
+5.1100E-03,-109.8618E-03
+5.1200E-03,-111.1181E-03
+5.1300E-03,-120.6658E-03
+5.1400E-03,-128.7060E-03
+5.1500E-03,-131.4698E-03
+5.1600E-03,-143.2789E-03
+5.1700E-03,-160.8668E-03
+5.1800E-03,-160.8668E-03
+5.1900E-03,-166.1432E-03
+5.2000E-03,-173.6809E-03
+5.2100E-03,-176.9472E-03
+5.2200E-03,-184.9874E-03
+5.2300E-03,-193.0276E-03
+5.2400E-03,-196.2940E-03
+5.2500E-03,-207.8518E-03
+5.2600E-03,-209.1080E-03
+5.2700E-03,-222.4246E-03
+5.2800E-03,-221.9221E-03
+5.2900E-03,-225.1884E-03
+5.3000E-03,-233.2286E-03
+5.3100E-03,-241.2688E-03
+5.3200E-03,-241.2688E-03
+5.3300E-03,-249.3090E-03
+5.3400E-03,-249.3090E-03
+5.3500E-03,-257.3492E-03
+5.3600E-03,-262.1231E-03
+5.3700E-03,-265.3894E-03
+5.3800E-03,-273.4296E-03
+5.3900E-03,-278.7060E-03
+5.4000E-03,-281.4698E-03
+5.4100E-03,-288.2538E-03
+5.4200E-03,-296.7965E-03
+5.4300E-03,-297.5502E-03
+5.4400E-03,-302.3241E-03
+5.4500E-03,-305.5905E-03
+5.4600E-03,-305.5905E-03
+5.4700E-03,-313.6307E-03
+5.4800E-03,-313.6307E-03
+5.4900E-03,-314.8869E-03
+5.5000E-03,-321.6709E-03
+5.5100E-03,-329.7111E-03
+5.5200E-03,-329.7111E-03
+5.5300E-03,-329.7111E-03
+5.5400E-03,-337.7513E-03
+5.5500E-03,-337.7513E-03
+5.5600E-03,-345.7915E-03
+5.5700E-03,-345.7915E-03
+5.5800E-03,-345.7915E-03
+5.5900E-03,-353.8317E-03
+5.6000E-03,-353.8317E-03
+5.6100E-03,-347.0477E-03
+5.6200E-03,-354.5854E-03
+5.6300E-03,-359.3593E-03
+5.6400E-03,-369.9121E-03
+5.6500E-03,-369.9121E-03
+5.6600E-03,-369.9121E-03
+5.6700E-03,-377.9523E-03
+5.6800E-03,-377.9523E-03
+5.6900E-03,-376.6960E-03
+5.7000E-03,-377.1985E-03
+5.7100E-03,-380.7161E-03
+5.7200E-03,-385.9925E-03
+5.7300E-03,-385.9925E-03
+5.7400E-03,-385.9925E-03
+5.7500E-03,-388.7563E-03
+5.7600E-03,-394.0327E-03
+5.7700E-03,-394.0327E-03
+5.7800E-03,-402.0729E-03
+5.7900E-03,-402.0729E-03
+5.8000E-03,-397.2990E-03
+5.8100E-03,-408.8568E-03
+5.8200E-03,-395.5402E-03
+5.8300E-03,-402.0729E-03
+5.8400E-03,-410.1131E-03
+5.8500E-03,-402.0729E-03
+5.8600E-03,-410.1131E-03
+5.8700E-03,-418.1533E-03
+5.8800E-03,-414.8869E-03
+5.8900E-03,-418.1533E-03
+5.9000E-03,-411.6206E-03
+5.9100E-03,-423.4296E-03
+5.9200E-03,-426.1935E-03
+5.9300E-03,-419.4095E-03
+5.9400E-03,-418.9070E-03
+5.9500E-03,-426.1935E-03
+5.9600E-03,-430.9673E-03
+5.9700E-03,-434.2337E-03
+5.9800E-03,-426.1935E-03
+5.9900E-03,-434.2337E-03
+6.0000E-03,-430.9673E-03
+6.0100E-03,-441.0176E-03
+6.0200E-03,-434.2337E-03
+6.0300E-03,-434.2337E-03
+6.0400E-03,-434.2337E-03
+6.0500E-03,-442.2739E-03
+6.0600E-03,-441.5201E-03
+6.0700E-03,-442.2739E-03
+6.0800E-03,-450.3141E-03
+6.0900E-03,-449.0578E-03
+6.1000E-03,-442.2739E-03
+6.1100E-03,-447.5502E-03
+6.1200E-03,-450.3141E-03
+6.1300E-03,-450.3141E-03
+6.1400E-03,-450.3141E-03
+6.1500E-03,-450.3141E-03
+6.1600E-03,-450.3141E-03
+6.1700E-03,-443.5301E-03
+6.1800E-03,-458.3543E-03
+6.1900E-03,-450.3141E-03
+6.2000E-03,-455.0879E-03
+6.2100E-03,-451.5703E-03
+6.2200E-03,-451.0678E-03
+6.2300E-03,-453.0779E-03
+6.2400E-03,-458.3543E-03
+6.2500E-03,-458.3543E-03
+6.2600E-03,-451.8216E-03
+6.2700E-03,-458.3543E-03
+6.2800E-03,-458.3543E-03
+6.2900E-03,-458.3543E-03
+6.3000E-03,-465.6407E-03
+6.3100E-03,-461.1181E-03
+6.3200E-03,-463.1281E-03
+6.3300E-03,-459.6105E-03
+6.3400E-03,-466.3945E-03
+6.3500E-03,-461.1181E-03
+6.3600E-03,-466.3945E-03
+6.3700E-03,-466.3945E-03
+6.3800E-03,-472.9271E-03
+6.3900E-03,-466.3945E-03
+6.4000E-03,-466.3945E-03
+6.4100E-03,-466.3945E-03
+6.4200E-03,-473.6809E-03
+6.4300E-03,-466.3945E-03
+6.4400E-03,-471.1683E-03
+6.4500E-03,-473.1784E-03
+6.4600E-03,-474.4347E-03
+6.4700E-03,-474.4347E-03
+6.4800E-03,-469.6608E-03
+6.4900E-03,-466.3945E-03
+6.5000E-03,-467.1482E-03
+6.5100E-03,-471.6709E-03
+6.5200E-03,-474.4347E-03
+6.5300E-03,-473.1784E-03
+6.5400E-03,-474.4347E-03
+6.5500E-03,-479.7111E-03
+6.5600E-03,-474.4347E-03
+6.5700E-03,-481.2186E-03
+6.5800E-03,-467.9020E-03
+6.5900E-03,-474.4347E-03
+6.6000E-03,-474.4347E-03
+6.6100E-03,-475.6910E-03
+6.6200E-03,-481.7211E-03
+6.6300E-03,-482.4749E-03
+6.6400E-03,-482.4749E-03
+6.6500E-03,-482.4749E-03
+6.6600E-03,-474.4347E-03
+6.6700E-03,-477.1985E-03
+6.6800E-03,-479.2085E-03
+6.6900E-03,-482.4749E-03
+6.7000E-03,-475.1884E-03
+6.7100E-03,-479.7111E-03
+6.7200E-03,-482.4749E-03
+6.7300E-03,-482.4749E-03
+6.7400E-03,-489.7613E-03
+6.7500E-03,-474.4347E-03
+6.7600E-03,-482.4749E-03
+6.7700E-03,-489.2588E-03
+6.7800E-03,-482.4749E-03
+6.7900E-03,-474.4347E-03
+6.8000E-03,-487.2487E-03
+6.8100E-03,-482.4749E-03
+6.8200E-03,-475.9422E-03
+6.8300E-03,-485.2387E-03
+6.8400E-03,-487.2487E-03
+6.8500E-03,-482.4749E-03
+6.8600E-03,-482.4749E-03
+6.8700E-03,-482.4749E-03
+6.8800E-03,-482.4749E-03
+6.8900E-03,-482.4749E-03
+6.9000E-03,-483.2286E-03
+6.9100E-03,-482.4749E-03
+6.9200E-03,-482.4749E-03
+6.9300E-03,-482.4749E-03
+6.9400E-03,-482.4749E-03
+6.9500E-03,-488.0025E-03
+6.9600E-03,-490.5151E-03
+6.9700E-03,-490.5151E-03
+6.9800E-03,-489.7613E-03
+6.9900E-03,-484.9874E-03
+7.0000E-03,-487.2487E-03
+7.0100E-03,-489.2588E-03
+7.0200E-03,-490.5151E-03
+7.0300E-03,-493.2789E-03
+7.0400E-03,-487.2487E-03
+7.0500E-03,-497.2990E-03
+7.0600E-03,-489.7613E-03
+7.0700E-03,-485.2387E-03
+7.0800E-03,-490.5151E-03
+7.0900E-03,-489.2588E-03
+7.1000E-03,-483.2286E-03
+7.1100E-03,-490.5151E-03
+7.1200E-03,-485.7412E-03
+7.1300E-03,-490.5151E-03
+7.1400E-03,-483.2286E-03
+7.1500E-03,-490.5151E-03
+7.1600E-03,-490.5151E-03
+7.1700E-03,-490.5151E-03
+7.1800E-03,-490.5151E-03
+7.1900E-03,-490.5151E-03
+7.2000E-03,-490.5151E-03
+7.2100E-03,-490.5151E-03
+7.2200E-03,-482.4749E-03
+7.2300E-03,-490.5151E-03
+7.2400E-03,-493.7814E-03
+7.2500E-03,-491.7714E-03
+7.2600E-03,-489.7613E-03
+7.2700E-03,-490.5151E-03
+7.2800E-03,-490.5151E-03
+7.2900E-03,-490.5151E-03
+7.3000E-03,-490.5151E-03
+7.3100E-03,-490.5151E-03
+7.3200E-03,-485.7412E-03
+7.3300E-03,-498.5553E-03
+7.3400E-03,-490.5151E-03
+7.3500E-03,-490.5151E-03
+7.3600E-03,-490.5151E-03
+7.3700E-03,-489.2588E-03
+7.3800E-03,-490.5151E-03
+7.3900E-03,-495.7915E-03
+7.4000E-03,-490.5151E-03
+7.4100E-03,-484.9874E-03
+7.4200E-03,-489.7613E-03
+7.4300E-03,-490.5151E-03
+7.4400E-03,-490.5151E-03
+7.4500E-03,-490.5151E-03
+7.4600E-03,-497.8015E-03
+7.4700E-03,-493.2789E-03
+7.4800E-03,-485.7412E-03
+7.4900E-03,-490.5151E-03
+7.5000E-03,-491.2688E-03
+7.5100E-03,-490.5151E-03
+7.5200E-03,-495.2889E-03
+7.5300E-03,-483.7312E-03
+7.5400E-03,-489.7613E-03
+7.5500E-03,-490.5151E-03
+7.5600E-03,-498.5553E-03
+7.5700E-03,-491.7714E-03
+7.5800E-03,-491.2688E-03
+7.5900E-03,-490.5151E-03
+7.6000E-03,-498.5553E-03
+7.6100E-03,-490.5151E-03
+7.6200E-03,-490.5151E-03
+7.6300E-03,-493.0276E-03
+7.6400E-03,-495.2889E-03
+7.6500E-03,-497.2990E-03
+7.6600E-03,-491.2688E-03
+7.6700E-03,-495.7915E-03
+7.6800E-03,-495.2889E-03
+7.6900E-03,-498.5553E-03
+7.7000E-03,-491.2688E-03
+7.7100E-03,-495.7915E-03
+7.7200E-03,-493.7814E-03
+7.7300E-03,-497.2990E-03
+7.7400E-03,-497.8015E-03
+7.7500E-03,-495.7915E-03
+7.7600E-03,-490.5151E-03
+7.7700E-03,-490.5151E-03
+7.7800E-03,-498.5553E-03
+7.7900E-03,-493.2789E-03
+7.8000E-03,-493.7814E-03
+7.8100E-03,-490.5151E-03
+7.8200E-03,-490.5151E-03
+7.8300E-03,-495.7915E-03
+7.8400E-03,-498.5553E-03
+7.8500E-03,-490.5151E-03
+7.8600E-03,-497.8015E-03
+7.8700E-03,-493.2789E-03
+7.8800E-03,-493.7814E-03
+7.8900E-03,-490.5151E-03
+7.9000E-03,-483.2286E-03
+7.9100E-03,-490.5151E-03
+7.9200E-03,-498.5553E-03
+7.9300E-03,-491.7714E-03
+7.9400E-03,-489.7613E-03
+7.9500E-03,-490.5151E-03
+7.9600E-03,-495.2889E-03
+7.9700E-03,-491.7714E-03
+7.9800E-03,-491.2688E-03
+7.9900E-03,-490.5151E-03
+8.0000E-03,-490.5151E-03
+8.0100E-03,-491.7714E-03
+8.0200E-03,-490.5151E-03
+8.0300E-03,-498.5553E-03
+8.0400E-03,-495.2889E-03
+8.0500E-03,-497.2990E-03
+8.0600E-03,-490.5151E-03
+8.0700E-03,-498.5553E-03
+8.0800E-03,-495.2889E-03
+8.0900E-03,-497.2990E-03
+8.1000E-03,-498.5553E-03
+8.1100E-03,-498.5553E-03
+8.1200E-03,-498.5553E-03
+8.1300E-03,-490.5151E-03
+8.1400E-03,-498.5553E-03
+8.1500E-03,-493.2789E-03
+8.1600E-03,-498.5553E-03
+8.1700E-03,-491.7714E-03
+8.1800E-03,-490.5151E-03
+8.1900E-03,-493.2789E-03
+8.2000E-03,-490.5151E-03
+8.2100E-03,-497.2990E-03
+8.2200E-03,-498.5553E-03
+8.2300E-03,-495.7915E-03
+8.2400E-03,-498.5553E-03
+8.2500E-03,-491.7714E-03
+8.2600E-03,-491.2688E-03
+8.2700E-03,-495.7915E-03
+8.2800E-03,-498.5553E-03
+8.2900E-03,-504.0829E-03
+8.3000E-03,-498.5553E-03
+8.3100E-03,-490.5151E-03
+8.3200E-03,-493.7814E-03
+8.3300E-03,-498.5553E-03
+8.3400E-03,-498.5553E-03
+8.3500E-03,-495.7915E-03
+8.3600E-03,-498.5553E-03
+8.3700E-03,-497.2990E-03
+8.3800E-03,-490.5151E-03
+8.3900E-03,-495.7915E-03
+8.4000E-03,-495.2889E-03
+8.4100E-03,-490.5151E-03
+8.4200E-03,-497.8015E-03
+8.4300E-03,-498.5553E-03
+8.4400E-03,-493.7814E-03
+8.4500E-03,-491.7714E-03
+8.4600E-03,-490.5151E-03
+8.4700E-03,-498.5553E-03
+8.4800E-03,-498.5553E-03
+8.4900E-03,-498.5553E-03
+8.5000E-03,-497.8015E-03
+8.5100E-03,-498.5553E-03
+8.5200E-03,-498.5553E-03
+8.5300E-03,-498.5553E-03
+8.5400E-03,-490.5151E-03
+8.5500E-03,-493.2789E-03
+8.5600E-03,-495.2889E-03
+8.5700E-03,-497.2990E-03
+8.5800E-03,-491.2688E-03
+8.5900E-03,-493.2789E-03
+8.6000E-03,-498.5553E-03
+8.6100E-03,-491.7714E-03
+8.6200E-03,-497.8015E-03
+8.6300E-03,-501.3191E-03
+8.6400E-03,-495.2889E-03
+8.6500E-03,-498.5553E-03
+8.6600E-03,-498.5553E-03
+8.6700E-03,-490.5151E-03
+8.6800E-03,-490.5151E-03
+8.6900E-03,-498.5553E-03
+8.7000E-03,-491.2688E-03
+8.7100E-03,-490.5151E-03
+8.7200E-03,-493.7814E-03
+8.7300E-03,-497.2990E-03
+8.7400E-03,-498.5553E-03
+8.7500E-03,-490.5151E-03
+8.7600E-03,-490.5151E-03
+8.7700E-03,-498.5553E-03
+8.7800E-03,-505.8417E-03
+8.7900E-03,-495.7915E-03
+8.8000E-03,-493.7814E-03
+8.8100E-03,-490.5151E-03
+8.8200E-03,-498.5553E-03
+8.8300E-03,-495.7915E-03
+8.8400E-03,-501.8216E-03
+8.8500E-03,-498.5553E-03
+8.8600E-03,-497.8015E-03
+8.8700E-03,-495.7915E-03
+8.8800E-03,-498.5553E-03
+8.8900E-03,-491.7714E-03
+8.9000E-03,-498.5553E-03
+8.9100E-03,-498.5553E-03
+8.9200E-03,-495.2889E-03
+8.9300E-03,-491.7714E-03
+8.9400E-03,-498.5553E-03
+8.9500E-03,-498.5553E-03
+8.9600E-03,-490.5151E-03
+8.9700E-03,-498.5553E-03
+8.9800E-03,-497.8015E-03
+8.9900E-03,-495.7915E-03
+9.0000E-03,-498.5553E-03
+9.0100E-03,-491.7714E-03
+9.0200E-03,-498.5553E-03
+9.0300E-03,-498.5553E-03
+9.0400E-03,-495.2889E-03
+9.0500E-03,-490.5151E-03
+9.0600E-03,-498.5553E-03
+9.0700E-03,-495.7915E-03
+9.0800E-03,-498.5553E-03
+9.0900E-03,-490.5151E-03
+9.1000E-03,-498.5553E-03
+9.1100E-03,-498.5553E-03
+9.1200E-03,-500.0628E-03
+9.1300E-03,-491.7714E-03
+9.1400E-03,-499.3090E-03
+9.1500E-03,-498.5553E-03
+9.1600E-03,-498.5553E-03
+9.1700E-03,-498.5553E-03
+9.1800E-03,-491.2688E-03
+9.1900E-03,-490.5151E-03
+9.2000E-03,-498.5553E-03
+9.2100E-03,-498.5553E-03
+9.2200E-03,-490.5151E-03
+9.2300E-03,-490.5151E-03
+9.2400E-03,-503.3291E-03
+9.2500E-03,-490.5151E-03
+9.2600E-03,-492.0226E-03
+9.2700E-03,-498.5553E-03
+9.2800E-03,-500.0628E-03
+9.2900E-03,-498.5553E-03
+9.3000E-03,-497.8015E-03
+9.3100E-03,-490.5151E-03
+9.3200E-03,-493.7814E-03
+9.3300E-03,-498.5553E-03
+9.3400E-03,-498.5553E-03
+9.3500E-03,-495.7915E-03
+9.3600E-03,-493.7814E-03
+9.3700E-03,-491.7714E-03
+9.3800E-03,-498.5553E-03
+9.3900E-03,-493.2789E-03
+9.4000E-03,-498.5553E-03
+9.4100E-03,-497.2990E-03
+9.4200E-03,-491.2688E-03
+9.4300E-03,-498.5553E-03
+9.4400E-03,-493.7814E-03
+9.4500E-03,-490.5151E-03
+9.4600E-03,-497.8015E-03
+9.4700E-03,-498.5553E-03
+9.4800E-03,-495.2889E-03
+9.4900E-03,-498.5553E-03
+9.5000E-03,-497.8015E-03
+9.5100E-03,-498.5553E-03
+9.5200E-03,-501.8216E-03
+9.5300E-03,-498.5553E-03
+9.5400E-03,-498.5553E-03
+9.5500E-03,-498.5553E-03
+9.5600E-03,-495.2889E-03
+9.5700E-03,-497.2990E-03
+9.5800E-03,-491.2688E-03
+9.5900E-03,-498.5553E-03
+9.6000E-03,-498.5553E-03
+9.6100E-03,-498.5553E-03
+9.6200E-03,-497.8015E-03
+9.6300E-03,-490.5151E-03
+9.6400E-03,-498.5553E-03
+9.6500E-03,-490.5151E-03
+9.6600E-03,-491.2688E-03
